time,temperature_2m_max,temperature_2m_min,apparent_temperature_max,apparent_temperature_min,weather_code,temperature_2m_mean,relative_humidity_2m_max,relative_humidity_2m_min,relative_humidity_2m_mean,precipitation_sum,precipitation_probability_max,rain_sum,apparent_temperature_mean,wind_speed_10m_max,wind_gusts_10m_max,cloud_cover_min,cloud_cover_max,cloud_cover_mean,dew_point_2m_mean,dew_point_2m_max,dew_point_2m_min,wind_gusts_10m_mean,wind_speed_10m_mean,wind_gusts_10m_min,wind_speed_10m_min,wet_bulb_temperature_2m_mean,wet_bulb_temperature_2m_max,wet_bulb_temperature_2m_min,precipitation_probability_mean,precipitation_probability_min,sunrise,sunset,daylight_duration,sunshine_duration,showers_sum,et0_fao_evapotranspiration,et0_fao_evapotranspiration_sum
2025-08-12,,,,,,,,,,,19,,,,,,,,,,,,,,,,,,4,0,2025-08-12T05:48,2025-08-12T18:19,45028.05,,,,
2025-08-13,,,,,,,,,,,58,,,,,,,,,,,,,,,,,,20,0,2025-08-13T05:48,2025-08-13T18:18,44997.3,,,,
2025-08-14,,,,,,,,,,,100,,,,,,,,,,,,,,,,,,44,0,2025-08-14T05:48,2025-08-14T18:18,44966.39,,,,
2025-08-15,,,,,,,,,,,100,,,,,,,,,,,,,,,,,,53,0,2025-08-15T05:48,2025-08-15T18:17,44935.27,,,,
2025-08-16,,,,,,,,,,,100,,,,,,,,,,,,,,,,,,76,10,2025-08-16T05:49,2025-08-16T18:17,44903.73,,,,
2025-08-17,,,,,,,,,,,100,,,,,,,,,,,,,,,,,,53,24,2025-08-17T05:49,2025-08-17T18:16,44871.79,,,,
2025-08-18,,,,,,,,,,,84,,,,,,,,,,,,,,,,,,42,4,2025-08-18T05:49,2025-08-18T18:16,44839.46,,,,
2025-08-19,,,,,,,,,,,45,,,,,,,,,,,,,,,,,,15,0,2025-08-19T05:49,2025-08-19T18:15,44806.79,,,,
2025-08-20,,,,,,,,,,,65,,,,,,,,,,,,,,,,,,23,0,2025-08-20T05:49,2025-08-20T18:15,44773.8,,,,
2025-08-21,,,,,,,,,,,100,,,,,,,,,,,,,,,,,,48,3,2025-08-21T05:49,2025-08-21T18:14,44740.51,,,,
2025-08-22,34.1,24.6,41.5,29.6,80.0,,96.0,50.0,,,100,,,13.1,28.4,12.0,100.0,,,24.9,22.2,,,8.3,2.7,,26.1,23.8,36,0,2025-08-22T05:49,2025-08-22T18:14,44706.95,,,,
2025-08-23,30.5,24.3,37.8,28.8,81.0,27.0,93.0,63.0,83.0,10.0,100,0.0,32.3,9.7,19.1,25.0,100.0,97.0,23.8,25.0,22.6,12.6,6.8,5.0,2.7,24.6,25.9,23.4,42,0,2025-08-23T05:49,2025-08-23T18:13,44673.16,41310.69,10.0,4.35,4.35
2025-08-24,34.2,24.4,41.1,29.4,95.0,28.3,95.0,51.0,78.0,2.4,94,0.0,33.3,15.9,29.2,13.0,100.0,61.0,23.6,25.5,21.9,14.4,7.6,5.4,1.3,25.0,26.1,23.8,25,3,2025-08-24T05:49,2025-08-24T18:13,44639.15,38036.32,2.4,4.25,4.25
2025-08-25,33.2,24.9,40.0,30.1,55.0,28.5,95.0,54.0,77.0,1.5,94,0.0,32.8,24.5,45.4,4.0,100.0,52.0,23.8,24.6,22.6,23.8,13.2,6.5,3.2,25.1,26.0,24.3,22,0,2025-08-25T05:49,2025-08-25T18:12,44604.95,42106.9,1.5,5.05,5.05
2025-08-26,34.3,25.4,40.3,29.8,95.0,29.1,88.0,50.0,74.0,0.0,26,0.0,33.8,18.4,30.2,8.0,100.0,60.0,23.5,25.2,22.3,18.3,10.7,6.8,4.0,25.1,26.0,23.6,5,0,2025-08-26T05:49,2025-08-26T18:12,44570.59,39974.98,0.0,5.82,5.82
2025-08-27,35.1,25.7,41.3,31.3,95.0,29.2,93.0,48.0,76.0,0.5,84,0.0,34.1,22.4,43.6,96.0,100.0,100.0,24.1,25.3,22.5,19.7,10.6,8.6,1.9,25.5,26.3,24.8,23,0,2025-08-27T05:49,2025-08-27T18:11,44536.09,42043.54,0.5,5.1,5.1
2025-08-28,36.1,25.8,41.2,30.9,95.0,29.9,89.0,42.0,69.0,0.0,77,0.0,34.3,16.9,33.1,6.0,100.0,56.0,23.1,24.8,21.1,18.4,10.1,12.6,6.1,25.1,26.1,24.3,11,0,2025-08-28T05:49,2025-08-28T18:10,44501.48,42011.57,0.0,5.77,5.77
2025-08-29,36.1,25.9,42.5,31.7,95.0,29.8,92.0,42.0,71.0,0.3,32,0.0,34.9,15.5,23.8,0.0,100.0,19.0,23.4,24.7,21.2,13.8,7.7,5.4,2.7,25.3,25.9,24.4,10,0,2025-08-29T05:49,2025-08-29T18:10,44466.78,41979.46,0.3,5.95,5.95
2025-08-30,35.5,25.7,41.7,30.8,95.0,29.1,92.0,46.0,74.0,2.7,90,0.0,33.8,15.9,36.4,6.0,100.0,80.0,23.7,24.6,21.8,19.5,10.0,9.7,2.3,25.2,26.2,24.7,29,0,2025-08-30T05:49,2025-08-30T18:09,44432.02,41947.2,2.7,4.67,4.67
2025-08-31,32.5,25.3,37.9,30.5,53.0,28.7,89.0,56.0,74.0,2.4,52,0.0,33.2,21.1,40.3,16.0,100.0,76.0,23.5,24.4,22.6,19.5,11.1,7.2,3.5,25.0,25.8,23.9,18,0,2025-08-31T05:49,2025-08-31T18:09,44397.22,41914.81,2.4,5.17,5.17
2025-09-01,32.0,25.3,39.2,29.8,80.0,28.2,89.0,61.0,78.0,11.0,100,0.0,33.7,10.9,31.0,12.0,100.0,69.0,23.8,24.9,22.4,12.4,6.4,4.3,1.3,25.0,26.2,23.2,68,5,2025-09-01T05:49,2025-09-01T18:08,44362.4,41882.34,11.0,5.1,5.1
2025-09-02,32.2,24.5,39.2,29.6,80.0,28.0,96.0,60.0,79.0,3.6,82,0.0,33.1,12.1,28.8,25.0,101.0,93.0,23.8,24.7,22.9,14.9,7.5,5.8,1.1,24.9,26.0,24.0,30,0,2025-09-02T05:49,2025-09-02T18:07,44327.59,41849.78,3.6,4.5,4.5
2025-09-03,31.4,24.5,39.4,29.4,80.0,28.2,96.0,60.0,81.0,7.0,98,0.0,33.3,20.6,31.0,68.0,100.0,97.0,24.4,25.8,22.7,18.6,10.9,7.2,1.9,25.4,26.5,23.9,25,0,2025-09-03T05:49,2025-09-03T18:07,44292.8,39041.84,7.0,4.92,4.92
2025-09-04,30.7,28.0,37.3,32.8,81.0,29.1,89.0,71.0,81.0,6.7,68,0.0,34.3,21.3,32.4,71.0,100.0,99.0,25.5,26.3,24.7,22.4,13.6,13.7,7.7,26.4,26.8,26.1,22,0,2025-09-04T05:49,2025-09-04T18:06,44257.98,29296.7,6.7,4.38,4.38
2025-09-05,28.7,26.5,34.3,32.0,95.0,27.6,90.0,77.0,84.0,8.1,65,0.0,33.4,12.4,19.1,92.0,100.0,100.0,24.7,25.5,24.2,10.8,5.5,2.2,1.1,25.4,26.2,24.9,38,5,2025-09-05T05:49,2025-09-05T18:06,44222.91,552.52,8.2,2.53,2.53
2025-09-06,30.0,25.8,36.8,30.2,80.0,27.6,90.0,67.0,81.0,6.9,93,0.0,32.8,12.4,19.8,65.0,100.0,97.0,24.1,24.5,23.2,14.2,8.2,2.5,1.1,25.0,25.4,24.4,40,0,2025-09-06T05:49,2025-09-06T18:05,44187.59,23839.16,6.9,3.88,3.88
2025-09-07,28.8,26.1,35.3,31.2,95.0,27.3,87.0,79.0,83.0,12.4,95,0.0,32.8,10.2,18.0,84.0,100.0,98.0,24.2,24.9,23.7,12.1,6.1,3.2,0.7,25.0,25.8,24.3,71,28,2025-09-07T05:48,2025-09-07T18:04,44152.05,31794.63,12.4,3.64,3.64
2025-09-08,29.4,25.5,36.8,30.6,95.0,27.5,93.0,71.0,82.0,3.3,53,0.0,33.2,8.7,20.2,26.0,100.0,85.0,24.1,24.7,23.2,11.2,5.3,2.2,0.5,25.0,25.5,24.5,29,3,2025-09-08T05:48,2025-09-08T18:04,44116.32,33891.09,3.3,4.15,4.15
2025-09-09,31.0,27.1,38.3,32.5,80.0,28.7,88.0,63.0,81.0,1.8,45,0.0,34.3,16.4,25.2,31.0,100.0,75.0,25.0,26.0,23.1,17.1,10.2,10.1,3.1,25.9,26.7,25.4,13,0,2025-09-09T05:48,2025-09-09T18:03,44080.42,37565.81,1.9,4.9,4.9
2025-09-10,31.0,28.2,38.8,32.7,80.0,29.4,87.0,73.0,81.0,0.8,70,0.0,34.6,22.7,34.9,27.0,100.0,80.0,25.8,26.1,25.3,25.0,15.5,14.0,7.0,26.7,27.0,26.3,12,0,2025-09-10T05:48,2025-09-10T18:02,44044.38,39043.93,0.8,5.0,5.0
2025-09-11,32.0,28.4,39.3,32.1,80.0,29.6,87.0,67.0,80.0,4.0,80,0.0,34.8,25.0,39.2,55.0,100.0,88.0,25.8,26.6,25.0,26.7,16.0,15.8,7.7,26.7,27.2,26.2,20,0,2025-09-11T05:48,2025-09-11T18:02,44008.2,37789.63,4.0,5.18,5.18
2025-09-12,30.3,26.6,36.4,31.2,80.0,28.2,93.0,70.0,83.0,5.6,85,0.0,33.6,17.8,27.7,93.0,100.0,100.0,25.0,26.5,24.2,16.1,9.4,8.6,2.6,25.8,27.1,25.3,28,0,2025-09-12T05:48,2025-09-12T18:01,43971.93,15881.58,5.6,3.42,3.42
2025-09-13,30.4,27.0,37.8,32.3,95.0,28.6,86.0,70.0,80.0,3.1,55,0.0,34.5,15.3,23.0,29.0,100.0,83.0,24.7,25.7,24.0,12.2,6.7,2.9,1.0,25.7,26.5,24.9,29,0,2025-09-13T05:48,2025-09-13T18:00,43935.59,37178.54,3.1,4.7,4.7
2025-09-14,31.8,28.1,38.8,32.0,95.0,29.2,86.0,65.0,80.0,3.3,60,0.0,34.2,20.6,31.0,50.0,100.0,98.0,25.3,25.8,24.4,24.5,15.0,13.3,6.5,26.3,26.6,25.8,15,0,2025-09-14T05:48,2025-09-14T18:00,43899.19,36000.0,3.3,4.86,4.86
2025-09-15,31.0,27.9,38.0,33.8,80.0,29.3,88.0,70.0,81.0,0.9,48,0.0,35.1,17.1,25.9,8.0,100.0,57.0,25.7,26.5,24.8,19.2,11.6,10.4,6.6,26.6,27.1,26.1,12,0,2025-09-15T05:48,2025-09-15T17:59,43862.76,41404.72,0.9,5.05,5.05
2025-09-16,30.5,28.5,37.9,33.0,96.0,29.2,87.0,73.0,80.0,9.4,95,0.0,35.1,19.3,29.9,13.0,100.0,68.0,25.3,26.6,24.5,16.3,9.1,2.5,1.8,26.3,27.4,25.8,37,5,2025-09-16T05:48,2025-09-16T17:58,43826.32,40080.23,9.4,4.71,4.71
2025-09-17,30.0,26.7,37.0,32.3,95.0,28.2,88.0,70.0,81.0,8.1,80,0.0,34.1,10.8,16.9,30.0,100.0,73.0,24.6,25.5,23.9,11.2,6.5,2.2,0.5,25.6,26.2,25.1,54,10,2025-09-17T05:48,2025-09-17T17:58,43789.91,37584.87,8.1,4.41,4.41
2025-09-18,28.6,26.2,34.1,31.6,96.0,27.6,87.0,75.0,82.0,20.5,98,0.0,33.0,11.2,19.4,25.0,100.0,84.0,24.2,24.7,23.7,12.0,7.2,7.9,3.7,25.1,25.5,24.4,67,18,2025-09-18T05:48,2025-09-18T17:57,43753.53,33921.54,20.5,3.92,3.92
2025-09-19,28.4,26.3,35.3,31.9,95.0,27.4,87.0,78.0,82.0,11.5,78,0.0,33.1,8.0,13.0,45.0,100.0,98.0,24.2,24.7,23.7,8.8,4.4,2.9,0.4,25.0,25.6,24.5,43,0,2025-09-19T05:48,2025-09-19T17:56,43717.21,36000.0,11.5,3.72,3.72
2025-09-20,30.1,26.8,36.7,32.0,80.0,28.2,87.0,70.0,80.0,1.0,20,0.0,33.7,15.8,24.1,27.0,100.0,75.0,24.4,25.9,23.7,13.1,8.1,2.2,0.8,25.4,26.5,24.6,8,0,2025-09-20T05:48,2025-09-20T17:56,43680.97,36633.95,1.0,4.48,4.48
2025-09-21,31.1,28.2,38.2,32.6,80.0,29.2,88.0,72.0,81.0,2.8,50,0.0,34.6,18.9,28.4,25.0,100.0,71.0,25.6,26.1,25.1,22.2,14.0,7.6,2.9,26.5,27.0,26.1,15,0,2025-09-21T05:48,2025-09-21T17:55,43644.84,39086.61,2.8,4.9,4.9
2025-09-22,29.9,27.0,37.2,32.8,95.0,28.4,89.0,72.0,82.0,8.3,70,0.0,34.4,11.8,23.0,46.0,100.0,86.0,25.0,25.8,24.3,15.2,7.4,7.2,2.2,25.9,26.6,25.3,39,10,2025-09-22T05:48,2025-09-22T17:54,43608.84,39089.14,8.3,4.39,4.39
2025-09-23,30.8,27.7,37.1,33.6,3.0,29.2,90.0,69.0,81.0,0.3,40,0.0,34.6,18.4,28.1,9.0,100.0,56.0,25.5,26.5,24.4,20.4,12.9,8.6,5.7,26.4,27.2,25.8,6,0,2025-09-23T05:48,2025-09-23T17:54,43572.98,38308.96,0.3,4.91,4.91
2025-09-24,31.3,28.7,37.7,32.0,3.0,29.4,88.0,72.0,82.0,0.2,35,0.0,34.4,25.9,38.9,16.0,100.0,79.0,25.9,26.6,25.0,29.0,18.3,14.8,8.4,26.8,27.3,26.0,10,0,2025-09-24T05:48,2025-09-24T17:53,43537.22,36019.94,0.2,4.86,4.86
2025-09-25,30.0,27.1,36.8,32.8,95.0,28.7,90.0,74.0,83.0,7.9,83,0.0,34.8,13.5,19.4,53.0,100.0,97.0,25.4,26.5,24.5,14.1,7.2,6.1,2.4,26.3,27.1,25.8,40,0,2025-09-25T05:48,2025-09-25T17:53,43501.3,18444.95,7.9,3.45,3.45
2025-09-26,29.8,27.2,36.3,32.6,95.0,28.3,87.0,72.0,81.0,6.8,85,0.0,34.3,11.5,24.5,49.0,100.0,81.0,24.8,25.8,24.2,14.8,6.1,6.5,1.6,25.7,26.5,25.3,48,3,2025-09-26T05:48,2025-09-26T17:52,43465.25,39843.85,6.8,4.07,4.07
2025-09-27,29.0,26.9,34.7,32.4,95.0,28.3,87.0,74.0,79.0,5.3,88,0.0,33.6,14.2,22.0,100.0,100.0,100.0,24.4,24.8,23.8,13.8,7.6,5.4,3.3,25.4,25.9,25.1,39,0,2025-09-27T05:47,2025-09-27T17:51,43429.09,32222.8,5.3,3.83,3.83
2025-09-28,29.2,27.1,36.9,33.0,80.0,28.4,83.0,72.0,78.0,2.4,58,0.0,34.2,9.2,15.8,21.0,100.0,78.0,24.2,24.7,23.5,10.2,5.4,5.0,0.8,25.3,25.8,24.8,26,0,2025-09-28T05:47,2025-09-28T17:51,43392.84,38714.97,2.4,4.52,4.52
2025-09-29,29.4,27.1,36.1,31.8,96.0,28.1,85.0,74.0,80.0,17.1,85,0.0,33.6,10.5,17.3,42.0,100.0,95.0,24.4,25.2,23.8,12.5,7.2,5.8,3.6,25.4,26.1,24.7,42,8,2025-09-29T05:47,2025-09-29T17:50,43356.52,27040.13,17.0,3.98,3.98
2025-09-30,29.4,26.9,36.7,32.0,96.0,28.0,90.0,74.0,82.0,21.6,98,0.0,33.5,13.1,20.9,39.0,100.0,79.0,24.6,25.2,23.9,15.2,8.8,6.5,3.2,25.5,26.0,25.1,48,8,2025-09-30T05:47,2025-09-30T17:49,43320.17,36524.42,21.6,4.1,4.1
2025-10-01,29.2,26.2,36.2,31.2,80.0,28.0,86.0,72.0,80.0,2.5,48,0.0,33.6,9.5,16.2,30.0,100.0,84.0,24.1,24.7,23.6,9.8,4.9,3.6,1.1,25.1,25.7,24.3,20,0,2025-10-01T05:47,2025-10-01T17:49,43283.8,39533.16,2.5,4.13,4.13
2025-10-02,29.9,27.2,37.0,32.4,80.0,28.4,85.0,72.0,81.0,4.4,55,0.0,34.3,12.5,22.7,95.0,100.0,100.0,24.8,25.3,24.3,11.7,5.7,3.6,1.5,25.7,26.1,25.1,15,0,2025-10-02T05:47,2025-10-02T17:48,43247.45,25207.79,4.4,3.57,3.57
2025-10-03,30.7,27.2,38.1,32.9,95.0,28.8,86.0,67.0,78.0,4.5,70,0.0,34.9,8.2,15.1,47.0,100.0,93.0,24.6,25.3,23.8,10.4,5.2,3.6,0.4,25.7,26.1,25.3,35,8,2025-10-03T05:47,2025-10-03T17:47,43211.13,36585.17,4.5,4.5,4.5
2025-10-04,28.7,26.1,36.0,30.9,96.0,27.9,89.0,75.0,81.0,15.7,85,0.0,33.5,9.4,15.5,90.0,100.0,100.0,24.3,24.9,23.6,11.0,5.8,6.1,1.3,25.2,25.8,24.7,45,0,2025-10-04T05:47,2025-10-04T17:47,43174.87,30821.49,15.7,3.75,3.75
2025-10-05,30.7,27.3,38.2,31.8,95.0,28.6,83.0,65.0,79.0,5.0,60,0.0,33.9,16.8,25.2,41.0,100.0,82.0,24.6,25.4,23.3,16.6,9.7,9.0,0.8,25.6,26.4,25.0,21,0,2025-10-05T05:47,2025-10-05T17:46,43138.69,39240.93,5.0,4.64,4.64
2025-10-06,30.6,27.8,38.1,32.2,96.0,28.6,85.0,69.0,79.0,15.1,88,0.0,34.1,16.1,24.5,56.0,100.0,93.0,24.6,25.3,23.6,15.0,8.9,6.1,3.3,25.6,26.4,24.7,60,28,2025-10-06T05:47,2025-10-06T17:46,43102.62,35955.9,15.1,4.48,4.48
2025-10-07,30.4,26.6,37.0,31.7,80.0,28.3,87.0,66.0,79.0,4.2,58,0.0,33.8,10.1,15.8,26.0,100.0,62.0,24.2,24.7,23.3,12.0,7.0,6.8,3.6,25.3,25.8,24.8,26,0,2025-10-07T05:47,2025-10-07T17:45,43066.68,39450.52,4.2,4.41,4.41
2025-10-08,30.8,27.6,37.7,31.8,95.0,28.9,85.0,68.0,79.0,8.6,63,0.0,34.4,16.4,25.2,100.0,100.0,100.0,24.8,25.2,24.1,14.9,8.6,3.6,0.7,25.9,26.3,25.5,35,3,2025-10-08T05:47,2025-10-08T17:44,43030.9,26358.95,8.4,3.98,3.98
2025-10-09,28.9,27.3,36.8,32.5,95.0,28.1,84.0,77.0,81.0,12.0,83,0.0,34.0,9.2,15.5,83.0,100.0,99.0,24.6,25.0,24.3,9.3,5.1,4.7,2.5,25.5,25.8,25.1,48,13,2025-10-09T05:47,2025-10-09T17:44,42995.31,28800.0,12.0,3.97,3.97
2025-10-10,29.0,26.8,35.6,31.4,95.0,27.9,86.0,75.0,81.0,11.1,93,0.0,33.1,14.2,22.0,84.0,100.0,98.0,24.2,24.7,23.9,15.1,8.4,3.6,2.3,25.2,25.6,24.9,56,8,2025-10-10T05:47,2025-10-10T17:43,42959.93,28929.67,11.1,3.65,3.65
2025-10-11,28.4,26.5,34.7,31.4,95.0,27.6,86.0,78.0,81.0,12.4,80,0.0,32.8,10.0,19.1,84.0,100.0,99.0,24.1,24.5,23.7,13.1,7.2,7.6,4.1,25.0,25.5,24.6,48,5,2025-10-11T05:47,2025-10-11T17:43,42924.77,27792.05,12.4,3.46,3.46
2025-10-12,29.2,25.6,35.8,30.1,80.0,27.5,88.0,70.0,80.0,1.3,65,0.0,32.8,9.8,17.3,0.0,100.0,80.0,23.6,24.4,23.0,11.1,6.1,1.4,1.1,24.7,25.3,24.0,18,0,2025-10-12T05:47,2025-10-12T17:42,42889.88,37555.5,1.2,4.11,4.11
2025-10-13,29.0,26.5,34.8,31.3,95.0,28.0,83.0,72.0,78.0,4.0,58,0.0,32.8,16.0,25.6,9.0,100.0,71.0,23.8,24.3,23.2,16.8,9.7,2.5,1.5,24.9,25.3,24.2,25,5,2025-10-13T05:47,2025-10-13T17:42,42855.28,39085.41,4.0,4.35,4.35
2025-10-14,29.9,27.4,37.1,32.5,80.0,28.4,83.0,68.0,79.0,1.8,33,0.0,34.1,13.4,20.9,26.0,100.0,89.0,24.4,25.0,23.3,11.9,6.0,2.2,1.1,25.4,26.0,25.1,20,0,2025-10-14T05:48,2025-10-14T17:41,42820.89,37078.69,1.8,4.35,4.35
2025-10-15,29.5,27.2,34.8,31.5,95.0,27.9,85.0,71.0,80.0,8.2,78,0.0,32.9,12.5,20.2,100.0,100.0,100.0,24.1,24.7,23.7,14.9,9.2,1.4,0.4,25.1,25.4,24.8,46,23,2025-10-15T05:48,2025-10-15T17:41,42786.46,25723.21,8.1,3.72,3.72
2025-10-16,28.7,25.9,34.2,31.2,80.0,27.3,92.0,76.0,83.0,3.0,75,0.0,32.3,11.5,18.7,60.0,100.0,89.0,24.1,24.6,23.7,13.8,8.2,9.7,5.7,24.9,25.3,24.6,40,15,2025-10-16T05:48,2025-10-16T17:40,42752.02,34318.54,3.0,3.55,3.55
2025-10-17,28.7,25.7,34.6,30.7,80.0,27.4,87.0,72.0,80.0,1.7,45,0.0,32.6,9.6,18.4,55.0,100.0,93.0,23.6,24.1,23.1,10.0,5.5,5.0,2.9,24.6,25.0,24.0,27,3,2025-10-17T05:48,2025-10-17T17:40,42717.57,36612.92,1.7,3.92,3.92
2025-10-18,30.2,27.1,36.6,31.7,95.0,28.3,87.0,71.0,79.0,3.0,50,0.0,33.4,15.3,24.5,30.0,100.0,75.0,24.3,25.4,23.6,17.1,10.2,7.6,4.7,25.4,26.0,24.7,21,0,2025-10-18T05:48,2025-10-18T17:39,42683.16,37715.73,3.0,4.38,4.38
2025-10-19,30.3,27.3,37.2,33.1,3.0,28.7,89.0,68.0,81.0,0.2,38,0.0,34.5,12.7,20.5,11.0,100.0,86.0,25.0,26.1,23.7,13.7,8.2,6.1,2.0,26.0,26.8,25.4,10,0,2025-10-19T05:48,2025-10-19T17:39,42648.8,35445.76,0.2,4.32,4.32
2025-10-20,29.0,26.8,35.8,32.1,95.0,28.2,94.0,78.0,82.0,18.7,95,0.0,33.5,20.3,31.0,83.0,100.0,99.0,24.9,25.8,24.3,19.0,9.9,10.4,4.1,25.7,26.1,25.1,64,15,2025-10-20T05:48,2025-10-20T17:38,42614.54,29279.71,18.8,3.53,3.53
2025-10-21,29.5,26.6,36.5,32.1,95.0,27.9,90.0,74.0,83.0,12.2,88,0.0,33.4,12.6,19.4,45.0,100.0,94.0,24.7,25.0,24.3,14.9,8.3,8.3,1.6,25.5,25.8,25.3,61,23,2025-10-21T05:48,2025-10-21T17:38,42580.39,35962.06,12.2,3.75,3.75
2025-10-22,30.8,26.5,34.9,31.4,95.0,28.1,90.0,64.0,80.0,13.2,65,0.0,32.5,19.1,30.2,65.0,100.0,92.0,24.4,25.1,23.2,23.8,14.7,16.2,9.8,25.4,25.7,25.0,45,15,2025-10-22T05:48,2025-10-22T17:37,42546.39,36000.0,13.2,4.27,4.27
2025-10-23,29.3,26.1,34.2,30.6,95.0,27.5,91.0,74.0,84.0,4.9,93,0.0,31.9,17.8,29.2,7.0,100.0,74.0,24.5,24.9,24.1,23.8,14.6,17.6,11.1,25.2,25.6,24.8,46,0,2025-10-23T05:49,2025-10-23T17:37,42512.57,36000.0,4.9,3.84,3.84
2025-10-24,29.4,26.2,34.4,30.7,95.0,27.7,90.0,74.0,83.0,6.1,83,0.0,32.2,17.9,31.7,75.0,100.0,99.0,24.4,25.2,23.7,22.3,12.9,14.4,8.8,25.2,26.1,24.5,27,0,2025-10-24T05:49,2025-10-24T17:37,42478.96,29056.57,6.1,3.62,3.62
2025-10-25,30.9,26.4,36.3,31.4,96.0,28.2,90.0,64.0,82.0,14.7,80,0.0,33.7,13.6,22.3,37.0,100.0,85.0,24.7,25.4,23.3,16.1,8.9,9.7,5.4,25.6,26.4,25.0,29,5,2025-10-25T05:49,2025-10-25T17:36,42445.58,37768.6,14.7,4.04,4.04
2025-10-26,30.7,26.3,35.6,31.1,95.0,28.2,87.0,64.0,80.0,9.1,58,0.0,33.5,16.1,29.2,40.0,100.0,86.0,24.4,25.2,23.1,15.7,8.3,6.1,3.9,25.4,26.2,24.5,23,0,2025-10-26T05:49,2025-10-26T17:36,42412.48,38976.54,9.1,3.94,3.94
2025-10-27,30.0,26.8,36.2,31.8,96.0,28.4,90.0,72.0,82.0,19.4,75,0.0,33.7,16.6,28.1,64.0,100.0,97.0,24.9,25.5,24.2,18.3,10.1,6.1,3.3,25.8,26.4,25.1,39,0,2025-10-27T05:49,2025-10-27T17:36,42379.67,30486.94,19.4,3.92,3.92
2025-10-28,30.9,26.4,36.5,31.0,96.0,28.4,90.0,64.0,79.0,4.3,43,0.0,33.5,16.6,30.6,36.0,100.0,81.0,24.4,25.2,23.3,19.2,10.8,8.3,5.1,25.5,26.3,24.8,12,0,2025-10-28T05:49,2025-10-28T17:35,42347.19,36000.0,4.3,4.55,4.55
2025-10-29,30.3,27.1,36.1,32.7,95.0,28.3,89.0,68.0,81.0,4.7,93,0.0,34.0,10.7,24.1,65.0,100.0,91.0,24.7,25.5,23.3,12.6,6.7,4.7,1.3,25.6,26.1,24.6,30,0,2025-10-29T05:50,2025-10-29T17:35,42315.09,38079.88,4.7,3.84,3.84
2025-10-30,29.1,27.2,36.1,32.8,80.0,28.2,86.0,76.0,81.0,5.0,73,0.0,34.0,9.6,15.5,20.0,100.0,80.0,24.7,25.4,24.0,11.7,6.5,5.8,2.6,25.6,26.1,25.0,40,13,2025-10-30T05:50,2025-10-30T17:34,42283.37,36097.62,4.9,4.04,4.04
2025-10-31,29.2,27.5,35.0,32.5,80.0,28.2,87.0,76.0,82.0,0.3,33,0.0,33.5,11.5,19.4,48.0,100.0,90.0,24.9,25.8,24.4,15.7,9.6,10.1,6.1,25.7,26.4,25.3,15,0,2025-10-31T05:50,2025-10-31T17:34,42252.09,33494.18,0.3,3.57,3.57
2025-11-01,30.0,27.3,37.2,32.6,80.0,28.6,88.0,72.0,82.0,0.9,63,0.0,34.3,13.6,21.2,0.0,100.0,41.0,25.1,25.8,24.4,15.8,9.5,8.3,4.6,26.0,26.4,25.7,21,0,2025-11-01T05:50,2025-11-01T17:34,42221.26,38892.5,0.9,4.48,4.48
2025-11-02,30.2,28.1,36.8,34.0,80.0,29.1,88.0,74.0,80.0,1.4,70,0.0,35.1,12.9,20.2,0.0,100.0,68.0,25.3,25.9,24.7,12.3,7.5,2.2,0.4,26.3,26.7,25.8,24,0,2025-11-02T05:50,2025-11-02T17:34,42190.94,38868.68,1.4,4.04,4.04
2025-11-03,29.2,27.6,36.0,33.2,95.0,28.6,90.0,77.0,83.0,9.3,100,0.0,34.7,11.7,17.3,67.0,100.0,97.0,25.4,26.4,24.5,11.0,6.6,1.8,1.3,26.2,27.1,25.6,63,0,2025-11-03T05:51,2025-11-03T17:33,42161.04,25896.22,9.3,3.18,3.18
2025-11-04,29.0,26.3,35.6,30.4,80.0,27.9,90.0,73.0,81.0,4.3,90,0.0,32.6,22.6,32.0,20.0,100.0,73.0,24.3,24.9,23.1,19.0,12.6,7.9,3.4,25.3,25.8,24.5,57,18,2025-11-04T05:51,2025-11-04T17:33,42131.3,38840.6,4.3,4.11,4.11
2025-11-05,29.3,25.9,36.5,29.8,95.0,27.8,89.0,71.0,81.0,7.5,88,0.0,32.6,19.4,28.4,16.0,81.0,48.0,24.2,25.2,23.4,18.2,11.8,9.4,3.9,25.2,25.9,24.0,39,0,2025-11-05T05:51,2025-11-05T17:33,42101.74,38831.41,7.5,4.54,4.54
2025-11-06,29.6,27.6,36.7,32.1,80.0,28.5,87.0,72.0,80.0,2.6,90,0.0,33.9,15.9,22.7,25.0,100.0,66.0,24.7,25.3,24.0,14.6,9.2,8.6,2.5,25.7,26.1,25.3,32,0,2025-11-06T05:52,2025-11-06T17:33,42072.38,38783.49,2.6,4.16,4.16
2025-11-07,30.3,28.0,37.0,33.1,80.0,28.9,87.0,71.0,80.0,1.5,58,0.0,34.3,14.8,21.6,0.0,100.0,71.0,25.1,25.8,24.3,16.6,10.9,11.2,5.9,26.1,26.4,25.8,23,3,2025-11-07T05:52,2025-11-07T17:33,42043.26,38103.41,1.5,4.36,4.36
2025-11-08,30.3,28.2,36.1,31.4,3.0,29.1,86.0,72.0,80.0,0.6,68,0.0,33.3,31.6,46.4,1.0,100.0,91.0,25.3,26.2,24.5,29.5,20.1,18.7,12.5,26.3,26.9,25.8,20,0,2025-11-08T05:52,2025-11-08T17:32,42014.4,36850.56,0.6,4.78,4.78
2025-11-09,30.1,28.4,35.7,30.8,80.0,29.2,83.0,75.0,80.0,0.8,25,0.0,33.1,32.6,48.2,21.0,100.0,80.0,25.3,26.2,24.8,35.0,22.4,13.0,7.4,26.3,27.0,25.7,10,0,2025-11-09T05:53,2025-11-09T17:32,41985.85,37397.45,0.8,4.73,4.73
2025-11-10,30.1,28.3,36.7,33.8,96.0,28.8,86.0,75.0,82.0,10.1,95,0.0,34.6,14.6,19.8,59.0,100.0,98.0,25.4,26.1,24.6,13.5,8.3,5.0,2.3,26.3,26.8,25.6,37,0,2025-11-10T05:53,2025-11-10T17:32,41957.63,20683.57,10.1,3.32,3.32
2025-11-11,28.7,26.7,34.2,31.2,95.0,27.9,91.0,80.0,85.0,12.1,98,0.0,33.1,19.9,28.1,52.0,100.0,92.0,25.1,25.7,24.4,16.6,10.9,6.1,3.4,25.8,26.5,25.2,70,23,2025-11-11T05:53,2025-11-11T17:32,41929.78,19054.32,12.1,2.88,2.88
2025-11-12,29.4,27.7,35.5,31.0,80.0,28.3,86.0,75.0,82.0,5.4,53,0.0,32.6,26.7,38.2,54.0,100.0,95.0,24.9,25.4,24.5,25.3,16.9,16.9,9.8,25.7,26.0,25.5,31,13,2025-11-12T05:54,2025-11-12T17:32,41902.32,34446.71,5.4,4.16,4.16
2025-11-13,29.3,26.1,34.6,31.1,80.0,27.8,92.0,70.0,82.0,1.2,73,0.0,32.5,22.2,31.7,38.0,100.0,74.0,24.4,25.4,23.2,19.9,13.1,6.5,2.7,25.3,25.8,24.9,26,0,2025-11-13T05:54,2025-11-13T17:32,41875.3,37975.47,1.2,4.33,4.33
2025-11-14,29.5,26.8,36.2,30.7,80.0,28.0,90.0,71.0,80.0,2.7,85,0.0,32.7,22.7,32.0,25.0,100.0,64.0,24.3,25.2,23.6,18.6,11.7,6.8,2.9,25.2,25.7,24.9,56,28,2025-11-14T05:54,2025-11-14T17:32,41848.75,38621.92,2.7,4.16,4.16
2025-11-15,28.4,25.8,35.0,31.0,95.0,27.0,90.0,79.0,84.0,15.8,93,0.0,32.4,8.7,16.6,91.0,100.0,99.0,24.0,24.4,23.6,9.9,5.6,5.0,2.4,24.8,25.4,24.5,75,57,2025-11-15T05:55,2025-11-15T17:32,41822.7,30044.08,15.6,2.89,2.89
2025-11-16,28.2,25.6,33.9,30.8,80.0,27.1,91.0,77.0,82.0,2.5,83,0.0,32.4,7.6,13.7,100.0,100.0,100.0,23.7,24.1,23.3,8.5,5.0,4.3,2.5,24.6,24.9,24.0,66,53,2025-11-16T05:55,2025-11-16T17:32,41797.19,30407.5,2.5,3.11,3.11
2025-11-17,28.9,26.3,35.1,30.8,3.0,27.7,87.0,75.0,81.0,2.1,50,0.0,32.3,25.5,37.1,52.0,100.0,86.0,24.1,24.7,23.7,18.3,12.1,7.2,4.7,25.1,25.5,24.6,42,33,2025-11-17T05:55,2025-11-17T17:32,41772.25,37524.38,2.1,4.07,4.07
2025-11-18,29.3,27.5,34.8,29.6,3.0,28.3,86.0,74.0,81.0,0.6,42,0.0,31.8,33.8,49.3,46.0,99.0,64.0,24.7,25.1,24.0,32.3,22.0,24.1,15.8,25.6,25.9,25.3,30,26,2025-11-18T05:56,2025-11-18T17:32,41747.93,39148.84,0.6,4.68,4.68
2025-11-19,28.9,25.4,35.0,29.6,3.0,27.5,93.0,76.0,84.0,0.6,43,0.0,31.8,30.5,47.9,42.0,100.0,66.0,24.5,25.2,23.3,25.6,15.0,10.1,4.9,25.2,25.8,23.9,27,18,2025-11-19T05:56,2025-11-19T17:32,41724.25,39121.53,0.6,4.08,4.08
2025-11-20,27.4,23.6,33.0,28.0,53.0,25.3,96.0,80.0,89.0,4.2,71,0.0,30.1,9.3,28.4,100.0,100.0,100.0,23.4,24.2,22.6,16.1,6.7,2.9,1.5,23.9,24.9,23.0,44,13,2025-11-20T05:57,2025-11-20T17:32,41701.25,37824.37,4.2,2.52,2.52
2025-11-21,29.2,23.1,34.6,27.4,51.0,26.1,96.0,68.0,82.0,0.3,48,0.0,30.4,14.6,31.7,87.0,100.0,98.0,22.6,23.0,22.3,15.6,8.0,3.2,1.1,23.6,24.5,22.6,34,6,2025-11-21T05:57,2025-11-21T17:32,41678.97,38217.11,0.3,3.78,3.78
2025-11-22,28.5,24.6,34.7,29.2,53.0,26.2,91.0,71.0,83.0,2.1,37,0.0,30.7,20.6,39.6,94.0,100.0,98.0,23.1,23.9,22.3,16.8,8.1,4.7,0.7,23.9,24.8,23.0,25,12,2025-11-22T05:58,2025-11-22T17:32,41657.45,38679.46,2.1,3.54,3.54
2025-11-23,30.2,24.1,36.3,28.5,51.0,26.9,90.0,63.0,78.0,0.3,46,0.0,31.2,15.8,33.1,27.0,100.0,72.0,22.6,23.3,22.3,17.1,8.5,5.0,2.2,23.8,24.7,22.8,32,6,2025-11-23T05:58,2025-11-23T17:32,41636.64,39016.35,0.3,4.21,4.21
2025-11-24,29.2,24.5,34.0,29.1,51.0,26.4,89.0,68.0,81.0,0.6,56,0.0,30.8,14.0,31.3,100.0,100.0,100.0,22.9,24.0,22.2,15.0,7.2,4.0,2.1,23.9,24.7,22.9,36,10,2025-11-24T05:58,2025-11-24T17:32,41616.31,38454.21,0.6,2.89,2.89
2025-11-25,30.3,24.3,34.7,28.8,51.0,26.3,90.0,63.0,83.0,0.6,46,0.0,31.1,8.3,25.2,100.0,100.0,100.0,23.0,24.0,22.4,11.2,5.0,4.3,1.8,23.9,24.8,23.0,37,19,2025-11-25T05:59,2025-11-25T17:32,41596.47,26184.06,0.6,2.3,2.3
2025-11-26,28.5,23.9,35.2,28.6,51.0,26.3,95.0,72.0,84.0,1.5,39,0.0,31.2,14.0,28.8,76.0,100.0,93.0,23.4,24.3,22.7,14.1,7.3,3.6,2.6,24.2,25.4,23.1,32,12,2025-11-26T05:59,2025-11-26T17:32,41577.14,38397.16,1.5,3.79,3.79
2025-11-27,30.7,24.2,35.7,29.2,51.0,26.1,94.0,60.0,84.0,0.6,33,0.0,31.0,8.6,20.5,92.0,100.0,100.0,23.0,24.3,22.0,10.3,4.6,3.2,0.7,23.9,24.9,23.0,20,2,2025-11-27T06:00,2025-11-27T17:33,41558.36,37106.92,0.6,2.82,2.82
